[
  {
    "model": "cms.usersettings",
    "pk": 1,
    "fields": { "user": 1, "language": "en", "clipboard": 1 }
  },
  {
    "model": "cms.treenode",
    "pk": 1,
    "fields": {
      "path": "0001",
      "depth": 1,
      "numchild": 0,
      "parent": null,
      "site": 1
    }
  },
  {
    "model": "cms.treenode",
    "pk": 2,
    "fields": {
      "path": "0003",
      "depth": 1,
      "numchild": 0,
      "parent": null,
      "site": 1
    }
  },
  {
    "model": "cms.treenode",
    "pk": 4,
    "fields": {
      "path": "0004",
      "depth": 1,
      "numchild": 0,
      "parent": null,
      "site": 1
    }
  },
  {
    "model": "cms.treenode",
    "pk": 5,
    "fields": {
      "path": "0005",
      "depth": 1,
      "numchild": 0,
      "parent": null,
      "site": 1
    }
  },
  {
    "model": "cms.treenode",
    "pk": 6,
    "fields": {
      "path": "0006",
      "depth": 1,
      "numchild": 0,
      "parent": null,
      "site": 1
    }
  },
  {
    "model": "cms.treenode",
    "pk": 8,
    "fields": {
      "path": "0007",
      "depth": 1,
      "numchild": 0,
      "parent": null,
      "site": 1
    }
  },
  {
    "model": "cms.page",
    "pk": 1,
    "fields": {
      "created_by": "admin",
      "changed_by": "admin",
      "creation_date": "2024-02-27T02:01:55.091Z",
      "changed_date": "2024-02-27T02:01:55.108Z",
      "reverse_id": null,
      "navigation_extenders": null,
      "login_required": false,
      "is_home": true,
      "application_urls": null,
      "application_namespace": null,
      "languages": "en",
      "is_page_type": false,
      "node": 1
    }
  },
  {
    "model": "cms.page",
    "pk": 2,
    "fields": {
      "created_by": "admin",
      "changed_by": "admin",
      "creation_date": "2024-02-27T09:31:47.891Z",
      "changed_date": "2024-02-27T09:31:47.891Z",
      "reverse_id": null,
      "navigation_extenders": null,
      "login_required": false,
      "is_home": false,
      "application_urls": null,
      "application_namespace": null,
      "languages": "en",
      "is_page_type": false,
      "node": 2
    }
  },
  {
    "model": "cms.page",
    "pk": 4,
    "fields": {
      "created_by": "admin",
      "changed_by": "admin",
      "creation_date": "2024-02-27T10:52:54.840Z",
      "changed_date": "2024-02-27T10:52:54.840Z",
      "reverse_id": null,
      "navigation_extenders": null,
      "login_required": false,
      "is_home": false,
      "application_urls": null,
      "application_namespace": null,
      "languages": "en",
      "is_page_type": false,
      "node": 4
    }
  },
  {
    "model": "cms.page",
    "pk": 5,
    "fields": {
      "created_by": "admin",
      "changed_by": "admin",
      "creation_date": "2024-02-27T10:58:45.401Z",
      "changed_date": "2024-02-27T10:58:45.401Z",
      "reverse_id": null,
      "navigation_extenders": null,
      "login_required": false,
      "is_home": false,
      "application_urls": null,
      "application_namespace": null,
      "languages": "en",
      "is_page_type": false,
      "node": 5
    }
  },
  {
    "model": "cms.page",
    "pk": 6,
    "fields": {
      "created_by": "admin",
      "changed_by": "admin",
      "creation_date": "2024-02-28T04:23:04.015Z",
      "changed_date": "2024-02-28T04:44:47.029Z",
      "reverse_id": null,
      "navigation_extenders": null,
      "login_required": false,
      "is_home": false,
      "application_urls": "PollsApphook",
      "application_namespace": "myapp",
      "languages": "en",
      "is_page_type": false,
      "node": 6
    }
  },
  {
    "model": "cms.page",
    "pk": 8,
    "fields": {
      "created_by": "admin",
      "changed_by": "admin",
      "creation_date": "2024-03-20T06:52:01.412Z",
      "changed_date": "2024-03-20T06:52:01.412Z",
      "reverse_id": null,
      "navigation_extenders": null,
      "login_required": false,
      "is_home": false,
      "application_urls": null,
      "application_namespace": null,
      "languages": "en",
      "is_page_type": false,
      "node": 8
    }
  },
  {
    "model": "cms.pageurl",
    "pk": 1,
    "fields": {
      "slug": "home",
      "path": "",
      "language": "en",
      "page": 1,
      "managed": true
    }
  },
  {
    "model": "cms.pageurl",
    "pk": 2,
    "fields": {
      "slug": "about",
      "path": "about",
      "language": "en",
      "page": 2,
      "managed": true
    }
  },
  {
    "model": "cms.pageurl",
    "pk": 4,
    "fields": {
      "slug": "services",
      "path": "services",
      "language": "en",
      "page": 4,
      "managed": true
    }
  },
  {
    "model": "cms.pageurl",
    "pk": 5,
    "fields": {
      "slug": "dummy",
      "path": "dummy",
      "language": "en",
      "page": 5,
      "managed": false
    }
  },
  {
    "model": "cms.pageurl",
    "pk": 6,
    "fields": {
      "slug": "appointment",
      "path": "appointment",
      "language": "en",
      "page": 6,
      "managed": true
    }
  },
  {
    "model": "cms.pageurl",
    "pk": 8,
    "fields": {
      "slug": "show",
      "path": "show",
      "language": "en",
      "page": 8,
      "managed": true
    }
  },
  {
    "model": "cms.placeholder",
    "pk": 1,
    "fields": {
      "slot": "clipboard",
      "default_width": null,
      "content_type": null,
      "object_id": null
    }
  },
  {
    "model": "cms.placeholder",
    "pk": 2,
    "fields": {
      "slot": "nev",
      "default_width": null,
      "content_type": 10,
      "object_id": 1
    }
  },
  {
    "model": "cms.placeholder",
    "pk": 3,
    "fields": {
      "slot": "number",
      "default_width": null,
      "content_type": 10,
      "object_id": 1
    }
  },
  {
    "model": "cms.placeholder",
    "pk": 4,
    "fields": {
      "slot": "email",
      "default_width": null,
      "content_type": 10,
      "object_id": 1
    }
  },
  {
    "model": "cms.placeholder",
    "pk": 5,
    "fields": {
      "slot": "heading1",
      "default_width": null,
      "content_type": 10,
      "object_id": 1
    }
  },
  {
    "model": "cms.placeholder",
    "pk": 6,
    "fields": {
      "slot": "heading2",
      "default_width": null,
      "content_type": 10,
      "object_id": 1
    }
  },
  {
    "model": "cms.placeholder",
    "pk": 7,
    "fields": {
      "slot": "aboutheading",
      "default_width": null,
      "content_type": 10,
      "object_id": 1
    }
  },
  {
    "model": "cms.placeholder",
    "pk": 8,
    "fields": {
      "slot": "aboutimg",
      "default_width": null,
      "content_type": 10,
      "object_id": 1
    }
  },
  {
    "model": "cms.placeholder",
    "pk": 9,
    "fields": {
      "slot": "aboutdes",
      "default_width": null,
      "content_type": 10,
      "object_id": 1
    }
  },
  {
    "model": "cms.placeholder",
    "pk": 10,
    "fields": {
      "slot": "serviceheading",
      "default_width": null,
      "content_type": 10,
      "object_id": 1
    }
  },
  {
    "model": "cms.placeholder",
    "pk": 11,
    "fields": {
      "slot": "number",
      "default_width": null,
      "content_type": 10,
      "object_id": 2
    }
  },
  {
    "model": "cms.placeholder",
    "pk": 12,
    "fields": {
      "slot": "email",
      "default_width": null,
      "content_type": 10,
      "object_id": 2
    }
  },
  {
    "model": "cms.placeholder",
    "pk": 13,
    "fields": {
      "slot": "heading1",
      "default_width": null,
      "content_type": 10,
      "object_id": 2
    }
  },
  {
    "model": "cms.placeholder",
    "pk": 14,
    "fields": {
      "slot": "aboutimg",
      "default_width": null,
      "content_type": 10,
      "object_id": 2
    }
  },
  {
    "model": "cms.placeholder",
    "pk": 15,
    "fields": {
      "slot": "aboutheading",
      "default_width": null,
      "content_type": 10,
      "object_id": 2
    }
  },
  {
    "model": "cms.placeholder",
    "pk": 16,
    "fields": {
      "slot": "aboutdes",
      "default_width": null,
      "content_type": 10,
      "object_id": 2
    }
  },
  {
    "model": "cms.placeholder",
    "pk": 17,
    "fields": {
      "slot": "serviceheading",
      "default_width": null,
      "content_type": 10,
      "object_id": 2
    }
  },
  {
    "model": "cms.placeholder",
    "pk": 25,
    "fields": {
      "slot": "number",
      "default_width": null,
      "content_type": 10,
      "object_id": 4
    }
  },
  {
    "model": "cms.placeholder",
    "pk": 26,
    "fields": {
      "slot": "email",
      "default_width": null,
      "content_type": 10,
      "object_id": 4
    }
  },
  {
    "model": "cms.placeholder",
    "pk": 27,
    "fields": {
      "slot": "heading1",
      "default_width": null,
      "content_type": 10,
      "object_id": 4
    }
  },
  {
    "model": "cms.placeholder",
    "pk": 28,
    "fields": {
      "slot": "aboutimg",
      "default_width": null,
      "content_type": 10,
      "object_id": 4
    }
  },
  {
    "model": "cms.placeholder",
    "pk": 29,
    "fields": {
      "slot": "aboutheading",
      "default_width": null,
      "content_type": 10,
      "object_id": 4
    }
  },
  {
    "model": "cms.placeholder",
    "pk": 30,
    "fields": {
      "slot": "aboutdes",
      "default_width": null,
      "content_type": 10,
      "object_id": 4
    }
  },
  {
    "model": "cms.placeholder",
    "pk": 31,
    "fields": {
      "slot": "serviceheading",
      "default_width": null,
      "content_type": 10,
      "object_id": 4
    }
  },
  {
    "model": "cms.placeholder",
    "pk": 32,
    "fields": {
      "slot": "number",
      "default_width": null,
      "content_type": 10,
      "object_id": 5
    }
  },
  {
    "model": "cms.placeholder",
    "pk": 33,
    "fields": {
      "slot": "email",
      "default_width": null,
      "content_type": 10,
      "object_id": 5
    }
  },
  {
    "model": "cms.placeholder",
    "pk": 34,
    "fields": {
      "slot": "heading1",
      "default_width": null,
      "content_type": 10,
      "object_id": 5
    }
  },
  {
    "model": "cms.placeholder",
    "pk": 35,
    "fields": {
      "slot": "aboutimg",
      "default_width": null,
      "content_type": 10,
      "object_id": 5
    }
  },
  {
    "model": "cms.placeholder",
    "pk": 36,
    "fields": {
      "slot": "aboutheading",
      "default_width": null,
      "content_type": 10,
      "object_id": 5
    }
  },
  {
    "model": "cms.placeholder",
    "pk": 37,
    "fields": {
      "slot": "aboutdes",
      "default_width": null,
      "content_type": 10,
      "object_id": 5
    }
  },
  {
    "model": "cms.placeholder",
    "pk": 38,
    "fields": {
      "slot": "serviceheading",
      "default_width": null,
      "content_type": 10,
      "object_id": 5
    }
  },
  {
    "model": "cms.placeholder",
    "pk": 39,
    "fields": {
      "slot": "555",
      "default_width": null,
      "content_type": 10,
      "object_id": 4
    }
  },
  {
    "model": "cms.placeholder",
    "pk": 40,
    "fields": {
      "slot": "ser",
      "default_width": null,
      "content_type": 10,
      "object_id": 4
    }
  },
  {
    "model": "cms.placeholder",
    "pk": 41,
    "fields": {
      "slot": "ser",
      "default_width": null,
      "content_type": 10,
      "object_id": 5
    }
  },
  {
    "model": "cms.placeholder",
    "pk": 42,
    "fields": {
      "slot": "Card",
      "default_width": null,
      "content_type": 10,
      "object_id": 5
    }
  },
  {
    "model": "cms.placeholder",
    "pk": 43,
    "fields": {
      "slot": "number",
      "default_width": null,
      "content_type": 10,
      "object_id": 6
    }
  },
  {
    "model": "cms.placeholder",
    "pk": 44,
    "fields": {
      "slot": "email",
      "default_width": null,
      "content_type": 10,
      "object_id": 6
    }
  },
  {
    "model": "cms.placeholder",
    "pk": 45,
    "fields": {
      "slot": "heading1",
      "default_width": null,
      "content_type": 10,
      "object_id": 6
    }
  },
  {
    "model": "cms.placeholder",
    "pk": 46,
    "fields": {
      "slot": "aboutimg",
      "default_width": null,
      "content_type": 10,
      "object_id": 6
    }
  },
  {
    "model": "cms.placeholder",
    "pk": 47,
    "fields": {
      "slot": "aboutheading",
      "default_width": null,
      "content_type": 10,
      "object_id": 6
    }
  },
  {
    "model": "cms.placeholder",
    "pk": 48,
    "fields": {
      "slot": "aboutdes",
      "default_width": null,
      "content_type": 10,
      "object_id": 6
    }
  },
  {
    "model": "cms.placeholder",
    "pk": 49,
    "fields": {
      "slot": "serviceheading",
      "default_width": null,
      "content_type": 10,
      "object_id": 6
    }
  },
  {
    "model": "cms.placeholder",
    "pk": 50,
    "fields": {
      "slot": "doctorimg",
      "default_width": null,
      "content_type": 10,
      "object_id": 2
    }
  },
  {
    "model": "cms.placeholder",
    "pk": 51,
    "fields": {
      "slot": "doctorname",
      "default_width": null,
      "content_type": 10,
      "object_id": 2
    }
  },
  {
    "model": "cms.placeholder",
    "pk": 52,
    "fields": {
      "slot": "Specialist",
      "default_width": null,
      "content_type": 10,
      "object_id": 2
    }
  },
  {
    "model": "cms.placeholder",
    "pk": 53,
    "fields": {
      "slot": "bio",
      "default_width": null,
      "content_type": 10,
      "object_id": 2
    }
  },
  {
    "model": "cms.placeholder",
    "pk": 54,
    "fields": {
      "slot": "clipboard",
      "default_width": null,
      "content_type": null,
      "object_id": null
    }
  },
  {
    "model": "cms.placeholder",
    "pk": 55,
    "fields": {
      "slot": "doctorheading",
      "default_width": null,
      "content_type": 10,
      "object_id": 2
    }
  },
  {
    "model": "cms.placeholder",
    "pk": 63,
    "fields": {
      "slot": "nev",
      "default_width": null,
      "content_type": 10,
      "object_id": 8
    }
  },
  {
    "model": "cms.placeholder",
    "pk": 64,
    "fields": {
      "slot": "number",
      "default_width": null,
      "content_type": 10,
      "object_id": 8
    }
  },
  {
    "model": "cms.placeholder",
    "pk": 65,
    "fields": {
      "slot": "email",
      "default_width": null,
      "content_type": 10,
      "object_id": 8
    }
  },
  {
    "model": "cms.placeholder",
    "pk": 66,
    "fields": {
      "slot": "heading1",
      "default_width": null,
      "content_type": 10,
      "object_id": 8
    }
  },
  {
    "model": "cms.placeholder",
    "pk": 67,
    "fields": {
      "slot": "heading2",
      "default_width": null,
      "content_type": 10,
      "object_id": 8
    }
  },
  {
    "model": "cms.placeholder",
    "pk": 68,
    "fields": {
      "slot": "aboutheading",
      "default_width": null,
      "content_type": 10,
      "object_id": 8
    }
  },
  {
    "model": "cms.placeholder",
    "pk": 69,
    "fields": {
      "slot": "aboutimg",
      "default_width": null,
      "content_type": 10,
      "object_id": 8
    }
  },
  {
    "model": "cms.placeholder",
    "pk": 70,
    "fields": {
      "slot": "aboutdes",
      "default_width": null,
      "content_type": 10,
      "object_id": 8
    }
  },
  {
    "model": "cms.placeholder",
    "pk": 71,
    "fields": {
      "slot": "serviceheading",
      "default_width": null,
      "content_type": 10,
      "object_id": 8
    }
  },
  {
    "model": "cms.placeholder",
    "pk": 72,
    "fields": {
      "slot": "number",
      "default_width": null,
      "content_type": 10,
      "object_id": 9
    }
  },
  {
    "model": "cms.placeholder",
    "pk": 73,
    "fields": {
      "slot": "email",
      "default_width": null,
      "content_type": 10,
      "object_id": 9
    }
  },
  {
    "model": "cms.placeholder",
    "pk": 74,
    "fields": {
      "slot": "heading1",
      "default_width": null,
      "content_type": 10,
      "object_id": 9
    }
  },
  {
    "model": "cms.placeholder",
    "pk": 75,
    "fields": {
      "slot": "aboutimg",
      "default_width": null,
      "content_type": 10,
      "object_id": 9
    }
  },
  {
    "model": "cms.placeholder",
    "pk": 76,
    "fields": {
      "slot": "aboutheading",
      "default_width": null,
      "content_type": 10,
      "object_id": 9
    }
  },
  {
    "model": "cms.placeholder",
    "pk": 77,
    "fields": {
      "slot": "aboutdes",
      "default_width": null,
      "content_type": 10,
      "object_id": 9
    }
  },
  {
    "model": "cms.placeholder",
    "pk": 78,
    "fields": {
      "slot": "serviceheading",
      "default_width": null,
      "content_type": 10,
      "object_id": 9
    }
  },
  {
    "model": "cms.placeholder",
    "pk": 79,
    "fields": {
      "slot": "nev",
      "default_width": null,
      "content_type": 10,
      "object_id": 10
    }
  },
  {
    "model": "cms.placeholder",
    "pk": 80,
    "fields": {
      "slot": "number",
      "default_width": null,
      "content_type": 10,
      "object_id": 10
    }
  },
  {
    "model": "cms.placeholder",
    "pk": 81,
    "fields": {
      "slot": "email",
      "default_width": null,
      "content_type": 10,
      "object_id": 10
    }
  },
  {
    "model": "cms.placeholder",
    "pk": 82,
    "fields": {
      "slot": "heading1",
      "default_width": null,
      "content_type": 10,
      "object_id": 10
    }
  },
  {
    "model": "cms.placeholder",
    "pk": 83,
    "fields": {
      "slot": "heading2",
      "default_width": null,
      "content_type": 10,
      "object_id": 10
    }
  },
  {
    "model": "cms.placeholder",
    "pk": 84,
    "fields": {
      "slot": "aboutheading",
      "default_width": null,
      "content_type": 10,
      "object_id": 10
    }
  },
  {
    "model": "cms.placeholder",
    "pk": 85,
    "fields": {
      "slot": "aboutimg",
      "default_width": null,
      "content_type": 10,
      "object_id": 10
    }
  },
  {
    "model": "cms.placeholder",
    "pk": 86,
    "fields": {
      "slot": "aboutdes",
      "default_width": null,
      "content_type": 10,
      "object_id": 10
    }
  },
  {
    "model": "cms.placeholder",
    "pk": 87,
    "fields": {
      "slot": "serviceheading",
      "default_width": null,
      "content_type": 10,
      "object_id": 10
    }
  },
  {
    "model": "cms.placeholder",
    "pk": 88,
    "fields": {
      "slot": "number",
      "default_width": null,
      "content_type": 10,
      "object_id": 11
    }
  },
  {
    "model": "cms.placeholder",
    "pk": 89,
    "fields": {
      "slot": "email",
      "default_width": null,
      "content_type": 10,
      "object_id": 11
    }
  },
  {
    "model": "cms.placeholder",
    "pk": 90,
    "fields": {
      "slot": "heading1",
      "default_width": null,
      "content_type": 10,
      "object_id": 11
    }
  },
  {
    "model": "cms.placeholder",
    "pk": 91,
    "fields": {
      "slot": "aboutimg",
      "default_width": null,
      "content_type": 10,
      "object_id": 11
    }
  },
  {
    "model": "cms.placeholder",
    "pk": 92,
    "fields": {
      "slot": "aboutheading",
      "default_width": null,
      "content_type": 10,
      "object_id": 11
    }
  },
  {
    "model": "cms.placeholder",
    "pk": 93,
    "fields": {
      "slot": "aboutdes",
      "default_width": null,
      "content_type": 10,
      "object_id": 11
    }
  },
  {
    "model": "cms.placeholder",
    "pk": 94,
    "fields": {
      "slot": "serviceheading",
      "default_width": null,
      "content_type": 10,
      "object_id": 11
    }
  },
  {
    "model": "cms.placeholder",
    "pk": 95,
    "fields": {
      "slot": "card",
      "default_width": null,
      "content_type": 10,
      "object_id": 11
    }
  },
  {
    "model": "cms.placeholder",
    "pk": 96,
    "fields": {
      "slot": "number",
      "default_width": null,
      "content_type": 10,
      "object_id": 12
    }
  },
  {
    "model": "cms.placeholder",
    "pk": 97,
    "fields": {
      "slot": "email",
      "default_width": null,
      "content_type": 10,
      "object_id": 12
    }
  },
  {
    "model": "cms.placeholder",
    "pk": 98,
    "fields": {
      "slot": "heading1",
      "default_width": null,
      "content_type": 10,
      "object_id": 12
    }
  },
  {
    "model": "cms.placeholder",
    "pk": 99,
    "fields": {
      "slot": "aboutimg",
      "default_width": null,
      "content_type": 10,
      "object_id": 12
    }
  },
  {
    "model": "cms.placeholder",
    "pk": 100,
    "fields": {
      "slot": "aboutheading",
      "default_width": null,
      "content_type": 10,
      "object_id": 12
    }
  },
  {
    "model": "cms.placeholder",
    "pk": 101,
    "fields": {
      "slot": "aboutdes",
      "default_width": null,
      "content_type": 10,
      "object_id": 12
    }
  },
  {
    "model": "cms.placeholder",
    "pk": 102,
    "fields": {
      "slot": "serviceheading",
      "default_width": null,
      "content_type": 10,
      "object_id": 12
    }
  },
  {
    "model": "cms.placeholder",
    "pk": 103,
    "fields": {
      "slot": "number",
      "default_width": null,
      "content_type": 10,
      "object_id": 13
    }
  },
  {
    "model": "cms.placeholder",
    "pk": 104,
    "fields": {
      "slot": "email",
      "default_width": null,
      "content_type": 10,
      "object_id": 13
    }
  },
  {
    "model": "cms.placeholder",
    "pk": 105,
    "fields": {
      "slot": "heading1",
      "default_width": null,
      "content_type": 10,
      "object_id": 13
    }
  },
  {
    "model": "cms.placeholder",
    "pk": 106,
    "fields": {
      "slot": "aboutimg",
      "default_width": null,
      "content_type": 10,
      "object_id": 13
    }
  },
  {
    "model": "cms.placeholder",
    "pk": 107,
    "fields": {
      "slot": "aboutheading",
      "default_width": null,
      "content_type": 10,
      "object_id": 13
    }
  },
  {
    "model": "cms.placeholder",
    "pk": 108,
    "fields": {
      "slot": "aboutdes",
      "default_width": null,
      "content_type": 10,
      "object_id": 13
    }
  },
  {
    "model": "cms.placeholder",
    "pk": 109,
    "fields": {
      "slot": "serviceheading",
      "default_width": null,
      "content_type": 10,
      "object_id": 13
    }
  },
  {
    "model": "cms.placeholder",
    "pk": 110,
    "fields": {
      "slot": "doctorimg",
      "default_width": null,
      "content_type": 10,
      "object_id": 13
    }
  },
  {
    "model": "cms.placeholder",
    "pk": 111,
    "fields": {
      "slot": "doctorname",
      "default_width": null,
      "content_type": 10,
      "object_id": 13
    }
  },
  {
    "model": "cms.placeholder",
    "pk": 112,
    "fields": {
      "slot": "Specialist",
      "default_width": null,
      "content_type": 10,
      "object_id": 13
    }
  },
  {
    "model": "cms.placeholder",
    "pk": 113,
    "fields": {
      "slot": "bio",
      "default_width": null,
      "content_type": 10,
      "object_id": 13
    }
  },
  {
    "model": "cms.placeholder",
    "pk": 114,
    "fields": {
      "slot": "doctorheading",
      "default_width": null,
      "content_type": 10,
      "object_id": 13
    }
  },
  {
    "model": "cms.placeholder",
    "pk": 115,
    "fields": {
      "slot": "nev",
      "default_width": null,
      "content_type": 10,
      "object_id": 14
    }
  },
  {
    "model": "cms.placeholder",
    "pk": 116,
    "fields": {
      "slot": "number",
      "default_width": null,
      "content_type": 10,
      "object_id": 14
    }
  },
  {
    "model": "cms.placeholder",
    "pk": 117,
    "fields": {
      "slot": "email",
      "default_width": null,
      "content_type": 10,
      "object_id": 14
    }
  },
  {
    "model": "cms.placeholder",
    "pk": 118,
    "fields": {
      "slot": "heading1",
      "default_width": null,
      "content_type": 10,
      "object_id": 14
    }
  },
  {
    "model": "cms.placeholder",
    "pk": 119,
    "fields": {
      "slot": "heading2",
      "default_width": null,
      "content_type": 10,
      "object_id": 14
    }
  },
  {
    "model": "cms.placeholder",
    "pk": 120,
    "fields": {
      "slot": "aboutheading",
      "default_width": null,
      "content_type": 10,
      "object_id": 14
    }
  },
  {
    "model": "cms.placeholder",
    "pk": 121,
    "fields": {
      "slot": "aboutimg",
      "default_width": null,
      "content_type": 10,
      "object_id": 14
    }
  },
  {
    "model": "cms.placeholder",
    "pk": 122,
    "fields": {
      "slot": "aboutdes",
      "default_width": null,
      "content_type": 10,
      "object_id": 14
    }
  },
  {
    "model": "cms.placeholder",
    "pk": 123,
    "fields": {
      "slot": "serviceheading",
      "default_width": null,
      "content_type": 10,
      "object_id": 14
    }
  },
  {
    "model": "cms.placeholder",
    "pk": 124,
    "fields": {
      "slot": "number",
      "default_width": null,
      "content_type": 10,
      "object_id": 15
    }
  },
  {
    "model": "cms.placeholder",
    "pk": 125,
    "fields": {
      "slot": "email",
      "default_width": null,
      "content_type": 10,
      "object_id": 15
    }
  },
  {
    "model": "cms.placeholder",
    "pk": 126,
    "fields": {
      "slot": "heading1",
      "default_width": null,
      "content_type": 10,
      "object_id": 15
    }
  },
  {
    "model": "cms.placeholder",
    "pk": 127,
    "fields": {
      "slot": "aboutimg",
      "default_width": null,
      "content_type": 10,
      "object_id": 15
    }
  },
  {
    "model": "cms.placeholder",
    "pk": 128,
    "fields": {
      "slot": "aboutheading",
      "default_width": null,
      "content_type": 10,
      "object_id": 15
    }
  },
  {
    "model": "cms.placeholder",
    "pk": 129,
    "fields": {
      "slot": "aboutdes",
      "default_width": null,
      "content_type": 10,
      "object_id": 15
    }
  },
  {
    "model": "cms.placeholder",
    "pk": 130,
    "fields": {
      "slot": "serviceheading",
      "default_width": null,
      "content_type": 10,
      "object_id": 15
    }
  },
  {
    "model": "cms.placeholder",
    "pk": 131,
    "fields": {
      "slot": "555",
      "default_width": null,
      "content_type": 10,
      "object_id": 15
    }
  },
  {
    "model": "cms.placeholder",
    "pk": 132,
    "fields": {
      "slot": "ser",
      "default_width": null,
      "content_type": 10,
      "object_id": 15
    }
  },
  {
    "model": "cms.cmsplugin",
    "pk": 4,
    "fields": {
      "placeholder": 4,
      "parent": null,
      "position": 1,
      "language": "en",
      "plugin_type": "TextPlugin",
      "creation_date": "2024-02-27T07:01:47.513Z",
      "changed_date": "2024-02-27T07:01:58.280Z"
    }
  },
  {
    "model": "cms.cmsplugin",
    "pk": 5,
    "fields": {
      "placeholder": 3,
      "parent": null,
      "position": 1,
      "language": "en",
      "plugin_type": "TextPlugin",
      "creation_date": "2024-02-27T07:02:06.169Z",
      "changed_date": "2024-03-14T07:34:35.283Z"
    }
  },
  {
    "model": "cms.cmsplugin",
    "pk": 6,
    "fields": {
      "placeholder": 5,
      "parent": null,
      "position": 1,
      "language": "en",
      "plugin_type": "HeadingPlugin",
      "creation_date": "2024-02-27T07:06:09.328Z",
      "changed_date": "2024-02-27T07:30:11.731Z"
    }
  },
  {
    "model": "cms.cmsplugin",
    "pk": 7,
    "fields": {
      "placeholder": 7,
      "parent": null,
      "position": 1,
      "language": "en",
      "plugin_type": "HeadingPlugin",
      "creation_date": "2024-02-27T07:33:51.374Z",
      "changed_date": "2024-02-27T08:26:02.024Z"
    }
  },
  {
    "model": "cms.cmsplugin",
    "pk": 8,
    "fields": {
      "placeholder": 8,
      "parent": null,
      "position": 1,
      "language": "en",
      "plugin_type": "ImagePlugin",
      "creation_date": "2024-02-27T07:52:02.161Z",
      "changed_date": "2024-02-27T10:34:14.009Z"
    }
  },
  {
    "model": "cms.cmsplugin",
    "pk": 9,
    "fields": {
      "placeholder": 9,
      "parent": null,
      "position": 1,
      "language": "en",
      "plugin_type": "TextPlugin",
      "creation_date": "2024-02-27T07:58:39.817Z",
      "changed_date": "2024-02-27T07:58:53.682Z"
    }
  },
  {
    "model": "cms.cmsplugin",
    "pk": 47,
    "fields": {
      "placeholder": 10,
      "parent": null,
      "position": 1,
      "language": "en",
      "plugin_type": "HeadingPlugin",
      "creation_date": "2024-02-27T08:29:54.073Z",
      "changed_date": "2024-02-27T08:29:54.076Z"
    }
  },
  {
    "model": "cms.cmsplugin",
    "pk": 48,
    "fields": {
      "placeholder": 15,
      "parent": null,
      "position": 1,
      "language": "en",
      "plugin_type": "HeadingPlugin",
      "creation_date": "2024-02-27T09:48:32.653Z",
      "changed_date": "2024-02-27T09:48:32.657Z"
    }
  },
  {
    "model": "cms.cmsplugin",
    "pk": 49,
    "fields": {
      "placeholder": 16,
      "parent": null,
      "position": 1,
      "language": "en",
      "plugin_type": "TextPlugin",
      "creation_date": "2024-02-27T09:48:49.586Z",
      "changed_date": "2024-02-27T09:48:54.799Z"
    }
  },
  {
    "model": "cms.cmsplugin",
    "pk": 51,
    "fields": {
      "placeholder": 14,
      "parent": null,
      "position": 1,
      "language": "en",
      "plugin_type": "ImagePlugin",
      "creation_date": "2024-02-27T10:10:26.826Z",
      "changed_date": "2024-02-27T10:10:26.835Z"
    }
  },
  {
    "model": "cms.cmsplugin",
    "pk": 55,
    "fields": {
      "placeholder": 30,
      "parent": null,
      "position": 2,
      "language": "en",
      "plugin_type": "ServicePlugIn",
      "creation_date": "2024-02-27T11:33:13.513Z",
      "changed_date": "2024-02-27T11:33:13.517Z"
    }
  },
  {
    "model": "cms.cmsplugin",
    "pk": 73,
    "fields": {
      "placeholder": 42,
      "parent": null,
      "position": 1,
      "language": "en",
      "plugin_type": "CardPlugin",
      "creation_date": "2024-02-28T03:32:57.527Z",
      "changed_date": "2024-02-28T03:32:57.533Z"
    }
  },
  {
    "model": "cms.cmsplugin",
    "pk": 74,
    "fields": {
      "placeholder": 42,
      "parent": 73,
      "position": 2,
      "language": "en",
      "plugin_type": "CardInnerPlugin",
      "creation_date": "2024-02-28T03:32:57.535Z",
      "changed_date": "2024-02-28T03:32:57.537Z"
    }
  },
  {
    "model": "cms.cmsplugin",
    "pk": 75,
    "fields": {
      "placeholder": 42,
      "parent": 74,
      "position": 3,
      "language": "en",
      "plugin_type": "HeadingPlugin",
      "creation_date": "2024-02-28T03:33:15.659Z",
      "changed_date": "2024-02-28T03:33:15.666Z"
    }
  },
  {
    "model": "cms.cmsplugin",
    "pk": 76,
    "fields": {
      "placeholder": 42,
      "parent": 74,
      "position": 4,
      "language": "en",
      "plugin_type": "ImagePlugin",
      "creation_date": "2024-02-28T03:33:50.954Z",
      "changed_date": "2024-02-28T03:33:50.964Z"
    }
  },
  {
    "model": "cms.cmsplugin",
    "pk": 77,
    "fields": {
      "placeholder": 42,
      "parent": 74,
      "position": 5,
      "language": "en",
      "plugin_type": "TextPlugin",
      "creation_date": "2024-02-28T03:34:04.044Z",
      "changed_date": "2024-02-28T03:34:44.361Z"
    }
  },
  {
    "model": "cms.cmsplugin",
    "pk": 84,
    "fields": {
      "placeholder": 50,
      "parent": null,
      "position": 1,
      "language": "en",
      "plugin_type": "CarouselPlugin",
      "creation_date": "2024-02-28T08:21:01.666Z",
      "changed_date": "2024-02-28T08:26:21.661Z"
    }
  },
  {
    "model": "cms.cmsplugin",
    "pk": 85,
    "fields": {
      "placeholder": 50,
      "parent": 84,
      "position": 2,
      "language": "en",
      "plugin_type": "CarouselSlidePlugin",
      "creation_date": "2024-02-28T08:25:38.346Z",
      "changed_date": "2024-02-28T08:27:58.149Z"
    }
  },
  {
    "model": "cms.cmsplugin",
    "pk": 88,
    "fields": {
      "placeholder": 1,
      "parent": null,
      "position": 1,
      "language": "en",
      "plugin_type": "PlaceholderPlugin",
      "creation_date": "2024-02-28T08:29:07.931Z",
      "changed_date": "2024-02-28T08:29:07.931Z"
    }
  },
  {
    "model": "cms.cmsplugin",
    "pk": 89,
    "fields": {
      "placeholder": 54,
      "parent": null,
      "position": 1,
      "language": "en",
      "plugin_type": "CarouselPlugin",
      "creation_date": "2024-02-28T08:21:01.666Z",
      "changed_date": "2024-02-28T08:29:07.942Z"
    }
  },
  {
    "model": "cms.cmsplugin",
    "pk": 90,
    "fields": {
      "placeholder": 54,
      "parent": 89,
      "position": 2,
      "language": "en",
      "plugin_type": "CarouselSlidePlugin",
      "creation_date": "2024-02-28T08:25:38.346Z",
      "changed_date": "2024-02-28T08:29:07.943Z"
    }
  },
  {
    "model": "cms.cmsplugin",
    "pk": 91,
    "fields": {
      "placeholder": 50,
      "parent": 84,
      "position": 3,
      "language": "en",
      "plugin_type": "CarouselSlidePlugin",
      "creation_date": "2024-02-28T08:29:21.278Z",
      "changed_date": "2024-02-28T08:31:32.780Z"
    }
  },
  {
    "model": "cms.cmsplugin",
    "pk": 92,
    "fields": {
      "placeholder": 51,
      "parent": null,
      "position": 1,
      "language": "en",
      "plugin_type": "TextPlugin",
      "creation_date": "2024-02-28T08:34:50.977Z",
      "changed_date": "2024-02-28T08:35:19.933Z"
    }
  },
  {
    "model": "cms.cmsplugin",
    "pk": 94,
    "fields": {
      "placeholder": 53,
      "parent": null,
      "position": 1,
      "language": "en",
      "plugin_type": "TextPlugin",
      "creation_date": "2024-02-28T08:36:40.678Z",
      "changed_date": "2024-02-28T08:36:45.304Z"
    }
  },
  {
    "model": "cms.cmsplugin",
    "pk": 95,
    "fields": {
      "placeholder": 55,
      "parent": null,
      "position": 1,
      "language": "en",
      "plugin_type": "HeadingPlugin",
      "creation_date": "2024-02-28T08:38:32.162Z",
      "changed_date": "2024-02-28T08:38:32.168Z"
    }
  },
  {
    "model": "cms.cmsplugin",
    "pk": 98,
    "fields": {
      "placeholder": 64,
      "parent": null,
      "position": 1,
      "language": "en",
      "plugin_type": "TextPlugin",
      "creation_date": "2024-02-27T07:02:06.169Z",
      "changed_date": "2024-03-15T12:31:49.268Z"
    }
  },
  {
    "model": "cms.cmsplugin",
    "pk": 99,
    "fields": {
      "placeholder": 65,
      "parent": null,
      "position": 1,
      "language": "en",
      "plugin_type": "TextPlugin",
      "creation_date": "2024-02-27T07:01:47.513Z",
      "changed_date": "2024-03-15T12:31:49.288Z"
    }
  },
  {
    "model": "cms.cmsplugin",
    "pk": 100,
    "fields": {
      "placeholder": 66,
      "parent": null,
      "position": 1,
      "language": "en",
      "plugin_type": "HeadingPlugin",
      "creation_date": "2024-02-27T07:06:09.328Z",
      "changed_date": "2024-03-15T12:31:49.299Z"
    }
  },
  {
    "model": "cms.cmsplugin",
    "pk": 101,
    "fields": {
      "placeholder": 68,
      "parent": null,
      "position": 1,
      "language": "en",
      "plugin_type": "HeadingPlugin",
      "creation_date": "2024-02-27T07:33:51.374Z",
      "changed_date": "2024-03-15T12:31:49.310Z"
    }
  },
  {
    "model": "cms.cmsplugin",
    "pk": 102,
    "fields": {
      "placeholder": 69,
      "parent": null,
      "position": 1,
      "language": "en",
      "plugin_type": "ImagePlugin",
      "creation_date": "2024-02-27T07:52:02.161Z",
      "changed_date": "2024-03-15T12:31:49.317Z"
    }
  },
  {
    "model": "cms.cmsplugin",
    "pk": 103,
    "fields": {
      "placeholder": 70,
      "parent": null,
      "position": 1,
      "language": "en",
      "plugin_type": "TextPlugin",
      "creation_date": "2024-02-27T07:58:39.817Z",
      "changed_date": "2024-03-15T12:31:49.329Z"
    }
  },
  {
    "model": "cms.cmsplugin",
    "pk": 104,
    "fields": {
      "placeholder": 71,
      "parent": null,
      "position": 1,
      "language": "en",
      "plugin_type": "HeadingPlugin",
      "creation_date": "2024-02-27T08:29:54.073Z",
      "changed_date": "2024-03-15T12:31:49.342Z"
    }
  },
  {
    "model": "cms.cmsplugin",
    "pk": 105,
    "fields": {
      "placeholder": 80,
      "parent": null,
      "position": 1,
      "language": "en",
      "plugin_type": "TextPlugin",
      "creation_date": "2024-02-27T07:02:06.169Z",
      "changed_date": "2024-03-20T05:30:51.510Z"
    }
  },
  {
    "model": "cms.cmsplugin",
    "pk": 106,
    "fields": {
      "placeholder": 81,
      "parent": null,
      "position": 1,
      "language": "en",
      "plugin_type": "TextPlugin",
      "creation_date": "2024-02-27T07:01:47.513Z",
      "changed_date": "2024-03-20T05:30:51.532Z"
    }
  },
  {
    "model": "cms.cmsplugin",
    "pk": 107,
    "fields": {
      "placeholder": 82,
      "parent": null,
      "position": 1,
      "language": "en",
      "plugin_type": "HeadingPlugin",
      "creation_date": "2024-02-27T07:06:09.328Z",
      "changed_date": "2024-03-20T05:30:51.550Z"
    }
  },
  {
    "model": "cms.cmsplugin",
    "pk": 108,
    "fields": {
      "placeholder": 84,
      "parent": null,
      "position": 1,
      "language": "en",
      "plugin_type": "HeadingPlugin",
      "creation_date": "2024-02-27T07:33:51.374Z",
      "changed_date": "2024-03-20T05:30:51.568Z"
    }
  },
  {
    "model": "cms.cmsplugin",
    "pk": 109,
    "fields": {
      "placeholder": 85,
      "parent": null,
      "position": 1,
      "language": "en",
      "plugin_type": "ImagePlugin",
      "creation_date": "2024-02-27T07:52:02.161Z",
      "changed_date": "2024-03-20T05:30:51.584Z"
    }
  },
  {
    "model": "cms.cmsplugin",
    "pk": 110,
    "fields": {
      "placeholder": 86,
      "parent": null,
      "position": 1,
      "language": "en",
      "plugin_type": "TextPlugin",
      "creation_date": "2024-02-27T07:58:39.817Z",
      "changed_date": "2024-03-20T05:30:51.609Z"
    }
  },
  {
    "model": "cms.cmsplugin",
    "pk": 111,
    "fields": {
      "placeholder": 87,
      "parent": null,
      "position": 1,
      "language": "en",
      "plugin_type": "HeadingPlugin",
      "creation_date": "2024-02-27T08:29:54.073Z",
      "changed_date": "2024-03-20T05:30:51.627Z"
    }
  },
  {
    "model": "cms.cmsplugin",
    "pk": 112,
    "fields": {
      "placeholder": 106,
      "parent": null,
      "position": 1,
      "language": "en",
      "plugin_type": "ImagePlugin",
      "creation_date": "2024-02-27T10:10:26.826Z",
      "changed_date": "2024-03-20T07:44:34.394Z"
    }
  },
  {
    "model": "cms.cmsplugin",
    "pk": 113,
    "fields": {
      "placeholder": 107,
      "parent": null,
      "position": 1,
      "language": "en",
      "plugin_type": "HeadingPlugin",
      "creation_date": "2024-02-27T09:48:32.653Z",
      "changed_date": "2024-03-20T07:44:34.402Z"
    }
  },
  {
    "model": "cms.cmsplugin",
    "pk": 114,
    "fields": {
      "placeholder": 108,
      "parent": null,
      "position": 1,
      "language": "en",
      "plugin_type": "TextPlugin",
      "creation_date": "2024-02-27T09:48:49.586Z",
      "changed_date": "2024-03-20T07:44:34.412Z"
    }
  },
  {
    "model": "cms.cmsplugin",
    "pk": 115,
    "fields": {
      "placeholder": 110,
      "parent": null,
      "position": 1,
      "language": "en",
      "plugin_type": "CarouselPlugin",
      "creation_date": "2024-02-28T08:21:01.666Z",
      "changed_date": "2024-03-20T07:44:34.424Z"
    }
  },
  {
    "model": "cms.cmsplugin",
    "pk": 116,
    "fields": {
      "placeholder": 110,
      "parent": 115,
      "position": 2,
      "language": "en",
      "plugin_type": "CarouselSlidePlugin",
      "creation_date": "2024-02-28T08:25:38.346Z",
      "changed_date": "2024-03-20T07:44:34.425Z"
    }
  },
  {
    "model": "cms.cmsplugin",
    "pk": 117,
    "fields": {
      "placeholder": 110,
      "parent": 115,
      "position": 3,
      "language": "en",
      "plugin_type": "CarouselSlidePlugin",
      "creation_date": "2024-02-28T08:29:21.278Z",
      "changed_date": "2024-03-20T07:44:34.426Z"
    }
  },
  {
    "model": "cms.cmsplugin",
    "pk": 118,
    "fields": {
      "placeholder": 111,
      "parent": null,
      "position": 1,
      "language": "en",
      "plugin_type": "TextPlugin",
      "creation_date": "2024-02-28T08:34:50.977Z",
      "changed_date": "2024-03-20T07:44:34.435Z"
    }
  },
  {
    "model": "cms.cmsplugin",
    "pk": 119,
    "fields": {
      "placeholder": 113,
      "parent": null,
      "position": 1,
      "language": "en",
      "plugin_type": "TextPlugin",
      "creation_date": "2024-02-28T08:36:40.678Z",
      "changed_date": "2024-03-20T07:44:34.446Z"
    }
  },
  {
    "model": "cms.cmsplugin",
    "pk": 120,
    "fields": {
      "placeholder": 114,
      "parent": null,
      "position": 1,
      "language": "en",
      "plugin_type": "HeadingPlugin",
      "creation_date": "2024-02-28T08:38:32.162Z",
      "changed_date": "2024-03-20T07:44:34.454Z"
    }
  },
  {
    "model": "cms.cmsplugin",
    "pk": 121,
    "fields": {
      "placeholder": 116,
      "parent": null,
      "position": 1,
      "language": "en",
      "plugin_type": "TextPlugin",
      "creation_date": "2024-02-27T07:02:06.169Z",
      "changed_date": "2024-04-05T06:14:41.102Z"
    }
  },
  {
    "model": "cms.cmsplugin",
    "pk": 122,
    "fields": {
      "placeholder": 117,
      "parent": null,
      "position": 1,
      "language": "en",
      "plugin_type": "TextPlugin",
      "creation_date": "2024-02-27T07:01:47.513Z",
      "changed_date": "2024-03-20T07:44:38.513Z"
    }
  },
  {
    "model": "cms.cmsplugin",
    "pk": 123,
    "fields": {
      "placeholder": 118,
      "parent": null,
      "position": 1,
      "language": "en",
      "plugin_type": "HeadingPlugin",
      "creation_date": "2024-02-27T07:06:09.328Z",
      "changed_date": "2024-03-20T07:44:38.522Z"
    }
  },
  {
    "model": "cms.cmsplugin",
    "pk": 124,
    "fields": {
      "placeholder": 120,
      "parent": null,
      "position": 1,
      "language": "en",
      "plugin_type": "HeadingPlugin",
      "creation_date": "2024-02-27T07:33:51.374Z",
      "changed_date": "2024-03-20T07:44:38.529Z"
    }
  },
  {
    "model": "cms.cmsplugin",
    "pk": 125,
    "fields": {
      "placeholder": 121,
      "parent": null,
      "position": 1,
      "language": "en",
      "plugin_type": "ImagePlugin",
      "creation_date": "2024-02-27T07:52:02.161Z",
      "changed_date": "2024-03-20T07:44:38.535Z"
    }
  },
  {
    "model": "cms.cmsplugin",
    "pk": 126,
    "fields": {
      "placeholder": 122,
      "parent": null,
      "position": 1,
      "language": "en",
      "plugin_type": "TextPlugin",
      "creation_date": "2024-02-27T07:58:39.817Z",
      "changed_date": "2024-03-20T07:44:38.545Z"
    }
  },
  {
    "model": "cms.cmsplugin",
    "pk": 127,
    "fields": {
      "placeholder": 123,
      "parent": null,
      "position": 1,
      "language": "en",
      "plugin_type": "HeadingPlugin",
      "creation_date": "2024-02-27T08:29:54.073Z",
      "changed_date": "2024-03-20T07:44:38.554Z"
    }
  },
  {
    "model": "cms.cmsplugin",
    "pk": 128,
    "fields": {
      "placeholder": null,
      "parent": null,
      "position": 1,
      "language": "",
      "plugin_type": "",
      "creation_date": "2024-03-20T10:01:16.659Z",
      "changed_date": "2024-03-20T10:01:16.692Z"
    }
  },
  {
    "model": "cms.cmsplugin",
    "pk": 129,
    "fields": {
      "placeholder": 40,
      "parent": null,
      "position": 1,
      "language": "en",
      "plugin_type": "ServicePlugIn",
      "creation_date": "2024-03-20T10:03:27.563Z",
      "changed_date": "2024-03-20T12:34:10.585Z"
    }
  },
  {
    "model": "cms.cmsplugin",
    "pk": 130,
    "fields": {
      "placeholder": null,
      "parent": null,
      "position": 1,
      "language": "",
      "plugin_type": "",
      "creation_date": "2024-03-20T12:34:36.223Z",
      "changed_date": "2024-03-20T12:34:36.262Z"
    }
  },
  {
    "model": "cms.cmsplugin",
    "pk": 131,
    "fields": {
      "placeholder": 132,
      "parent": null,
      "position": 1,
      "language": "en",
      "plugin_type": "ServicePlugIn",
      "creation_date": "2024-03-20T10:03:27.563Z",
      "changed_date": "2024-03-26T06:23:15.037Z"
    }
  },
  {
    "model": "cms.placeholderreference",
    "pk": 88,
    "fields": { "name": "Doctorimg", "placeholder_ref": 54 }
  },
  {
    "model": "cms.urlconfrevision",
    "pk": 1,
    "fields": { "revision": "6b0c91df-4539-41f9-b6ad-e67b7cffd7cf" }
  }
]
